词语,词频
小时,456
兄弟,70
成灾,240
风雷,256
精生,248
妖为,242
千钧,374
鬼蜮,240
金猴,377
大地,250
白骨,263
愚氓,246
玉宇,362
星系,4
波士顿,2
沙漠,23
邮差,2
废土,2
垃圾,132
猎魔,33
土矿,2
莫哈维,2
刺客,115
龙裔,11
勇者,9
海盗,38
战马,18
经历,33
海洋,20
欧洲,37
埃及,45
美国,56
西奈,18
剧情,476
科学,271
关卡,108
人杰,2
芳心,2
世界,191
除魔,10
术士,2
世人,6
利维,2
魔法,13
克兰,2
白眼,3
横空,38
九州,35
雄姿,35
千古,35
传说,43
妖魔,55
寰球,35
风流,35
时间,159
体验,589
国产,983
单机,143
鸿蒙,27
盘古,25
直面,173
天命,298
混沌,26
巅峰,52
渺渺,25
天地,45
清浊,25
从兹,25
无人,30
重塑,6
重要,211
灵山,141
简体中文,21
免费,415
产品,438
猴子,163
悟空,536
神话,840
小贴士,2
曹思,4
类型,54
不好玩,33
丰富,103
大圣,511
风灵,105
月影,124
恶人,5
善人,5
太平,5
世道,7
世上,5
平均,18
天兵,9
键位,39
手柄,146
本土,23
文化,299
优质,30
中国,1069
大作,265
蕴含着,12
玩家,598
情书,54
大头,155
儿子,39
小说,34
电影,31
滤镜,31
品质,29
代入,38
左拐右,4
地图,781
修改器,29
设置,142
动态,14
模式,68
启动,302
模糊,26
测试工具,29
部分,97
属性,10
界面,23
选项,35
简单,96
网址,1
问题,653
降频,14
流畅,142
解决办法,12
陕北,8
民谣,2
猿神,245
紧张,10
双手,7
焦虑,3
冷汗,5
试试,18
具体,10
电脑,90
说明书,1
自动,20
条路,7
对应,18
煞笔,7
人指,1
厂商,27
运行库,1
代码,6
幽魂,118
三脚,6
玩吧,7
里程碑,128
最美,2
中华,15
首款,33
细节,116
内容,144
优化,728
蜘蛛,8
现原形,2
四妹,2
二郎神,96
焦恩俊,10
时候,334
职业,2
小屁孩,2
战神,146
最好,90
风林,30
故事,194
传奇,26
序章,185
画质,285
卡死,68
全低,1
驱动,66
伟达,4
全部,33
评论,89
修罗,2
阿秀,2
美少女,2
战国时期,2
名城,2
交界地,18
发售,62
纪念,6
日子,4
直接,255
年度,246
云宫迅,26
音震,9
石猴,15
评测,85
游玩,212
四洲,13
天产,9
设计,382
动作,363
长大,14
小时候,94
评分,58
梦想,35
群生,25
仰至仁,23
万物,25
钱学森,2
村里,184
大闹天宫,31
确实,328
不错,463
完美,215
金池,16
宝宝,30
完全,204
体质,19
同类,6
小高潮,2
大学生,215
大专,5
游科,305
地球,20
证明,23
流浪,20
科幻,2
郭帆,2
核心,21
买点,2
频繁,22
空气,584
蛮好,2
战为,2
年轻人,15
草泥马,15
真好玩,26
最大,35
预期,138
心里,31
影响,125
技能,125
战斗,783
升级,32
背景,61
一般,101
豪华版,78
机制,75
武器,30
制作,86
冯骥,26
容量,2
通关,112
干碎虎,8
先锋,186
优点,115
缺点,169
总体,91
香槟,82
身份,42
爽感,7
正式,28
彻底,10
桥头,1
小怪,34
构式,6
设计师,17
习惯,19
建模,45
结果,135
独木桥,15
洞穴,3
伪装成,1
楼梯,2
鲍鱼,1
手游,10
学着点,2
公司,34
验证码,2
大战,25
人机,2
杨戬,73
含金量,20
黑猴,37
惊艳,78
爱国,16
情怀,87
音乐,280
美术,508
卡屏,11
发展,15
画面,701
健康,2
国际,11
我会,27
级别,37
事故,2
重大,7
心中,80
集美,9
有点,443
大国,4
样子,30
距离,20
基本,95
约会,4
游科牛,31
越南语,2
恭喜,12
成就,24
丑陋,2
忍者,16
守护神,4
脑子,12
齐天大圣,216
记路,2
迷路,273
新手,89
玩儿,13
动作游戏,112
感觉,413
平衡性,2
广泛,5
卓越,5
深度,25
调整,41
精妙,7
赞誉,4
环境,34
国游,7
水蛇,2
图鉴,18
古色古香,4
速度,16
体型,8
任务,34
移动,26
明显,109
风怪,5
人形,6
妖型,2
最低,35
笔电,5
钢铁,4
自豪,25
蜘蛛侠,8
顶尖,45
美术设计,13
男儿,2
堂堂,4
粗鲁,2
汗毛,2
台词,37
头皮,2
老子,28
猴哥,148
概率,17
事情,15
孙大圣,145
孙悟空,133
妖雾,117
大家,64
评价,324
启程,9
整体,114
低劣,5
解密,6
骄傲,32
地步,5
顶级,208
厉害,34
效果,63
僧人,4
精美,108
专属,2
精彩,33
单纯,20
东西,97
硬盘,17
声音,35
机械,16
广智,46
朋友,67
八败,2
故事情节,3
民族,12
理想,7
配乐,57
画风,33
路痴,38
黄风岭,38
山上,4
山下,2
半宿,2
道人,2
虎哥,4
想象,53
个人感觉,25
严重,83
远程,48
边缘,11
总结,20
统一,3
浮屠,43
近战,6
杀气,1
强硬,1
高台,3
敌人,50
手段,40
弓箭手,26
台上,2
弓箭,9
强力,4
开发商,3
玩斗,7
长袍,2
袖箭,2
白色,3
兜帽,2
大城市,2
突破,10
铭记,10
很厚,2
性能,73
神通,13
容易,172
工位,3
员工,7
通天,19
大道,153
老实,10
历史,81
国家,30
形象,4
古代文学,3
行者,7
地上,18
方面,145
优秀,262
史诗,27
个人观点,5
信息,6
有空,5
有趣,36
角色,78
屏幕,28
内心,14
好友,11
个人,124
艺术,73
场景,254
实际行动,2
按键,50
友好,80
景色,22
粗糙,8
标准级,2
台面,4
比仁王,2
视频,52
明确,15
文案,23
配音,103
招式,46
地方,184
意见,10
质量,210
森林,9
道具,15
水潭,2
史册,7
过分,6
用户,181
黑盒,176
强度,16
开篇,17
男孩,5
开局,98
猴头,29
马喽,23
浓郁,2
仓皇,9
风景,107
党大爱,2
小妖,21
费劲,13
谢谢,47
少年时期,2
大火,5
乐意,7
妖孽,6
角度,20
客观,29
公正,6
差评,86
线下,4
开盒,3
工人,5
原本,14
突然,49
铃铛,1
法环,44
骂人,8
金箍棒,65
波动,2
虚幻,52
身置,2
小房间,2
眼观,2
梦萦,2
神游,3
时光,5
花果山,54
郭沫若,11
同志,15
七律,8
系统,247
法术,40
作品,202
仙丹,1
关键,18
非常明显,3
棍势,24
普攻,10
着急,1
药丸子,1
有线,5
无线,3
时长,18
动力,5
程度,31
实属,4
不易,3
反应,34
天生,4
离谱,47
生命,13
数字,7
别太,3
生涯,8
负面,11
编辑,5
家人,1
博德,3
生还者,1
赛博战狼,1
巨棒,3
精魂,5
僧侣,3
妖邪,3
鬼魅,3
神勇,3
愚昧,3
尘埃,5
净天,3
地起,3
僵硬,30
工作室,19
连贯性,1
态度,19
械斗,1
观感,7
评个,1
主角,39
很好,58
眼泪,6
哥们,51
手感,194
穷尽,2
昭宇,2
无垠,2
想象力,2
太久,22
如潮,19
爷爷,15
土地,18
上香,3
伟大,119
国人,37
意义,106
浪漫,48
着色器,51
护院,2
人物,82
固定,16
手上,7
魂类,79
热血,5
玩法,148
一流,64
水准,40
艺术品,63
纯粹,26
发育,2
低分,13
发售日,7
后脑,3
戰鬥,4
視角,2
體驗,2
努力,38
开发者,24
小学,12
思绪,6
页面,10
表哥,3
饭圈,4
无脑,49
高画质,31
堪比,8
天上,10
形影,3
风愿人,3
天庭,26
开场,104
宏大,15
西西里,3
神父,3
离线,5
邪淫,6
强弱,4
有情,6
小兵,23
人数,17
游科圆,4
瑰宝,8
东方文化,6
游戏卡,2
卡住,31
将军,6
支媛,2
画面感,4
棒极了,6
问路,2
讲路,2
明白,49
头疼,5
头晕,14
类魂,37
经典,30
回间,2
动画,179
挑战,22
干净,7
劣质,4
音效,36
文本,29
良好,7
很漂亮,8
很爽,77
参数,2
西方,44
实星,4
投票,6
品味,6
合格,17
不愧,23
内核,12
人才,12
错误,10
重击,35
神仙,15
三流,1
基础,17
诸如,3
很大,61
资格,9
根本,98
意外,7
佳作,51
离神,4
特点,13
偏向,6
长城,2
高强度,9
孝子,25
纯纯,43
空中,6
平衡,14
套装,5
简陋,2
架势,6
区别,7
身术,19
买单,7
妖化,1
优美,27
情况,60
美酒,5
霓虹,3
于洛圣,3
陶森特,5
翡冷翠,3
外国人,18
团队,26
单机游戏,123
爽快,72
方法,26
灵石,2
广陶,2
精华,7
明石,2
灵气,4
天母,2
问个问题,2
教程,20
咨询,4
营销,19
膏潮,1
水军,15
语音,10
背板,3
魂游,17
怪物,126
窗口,8
国内,93
诡异,3
玩意,37
老兵,4
三朝,2
华丽,17
盛宴,19
幻想,32
东方,28
痛快,12
太棒了,46
毛泽东,2
妙哉,2
苍蓝星,12
传火者,3
猎龙者,10
秘藏,3
猎人,17
潘多拉,3
冥滩,3
武士,12
无法,110
串联,1
成本,5
噱头,4
箱庭,15
完整,25
泪目,22
英雄,70
词汇,3
百度,4
生僻,3
到动,3
本领,5
稀烂,21
缘故,4
爱玩,159
聋子,1
旅游,3
龙卷风,9
上塞,1
游戏性,80
笑话,5
精良,31
身上,12
极端,7
中亚,2
文化底蕴,12
形容,22
文化圈,4
媒体,63
口中,2
猪头,2
国外,75
变化,25
光影,39
新鲜,5
嘴下,3
孩子,29
亲爱,10
家乡,15
马楼,5
舒服,52
美的,12
大佬,11
光照,14
预判,3
目押,2
社区,5
稳定,33
手动,6
用心,51
当中,9
制作组,38
单单,4
箱子,5
房间,2
饰品,4
数值,50
不刷魂,1
沮丧,1
妙音,11
女神,1
悬崖,10
棍子,44
院落,1
幽影,7
神作,27
老头,52
安全感,2
流程,36
大唐,2
东土,4
爱好者,11
苏州大学,2
工具,5
作者,6
重新,40
台式,2
犹豫,7
补丁,27
实际,42
数据,2
这点,14
屋顶,8
分析,5
方式,28
优缺点,9
拍电影,3
右键,13
管理器,10
大神,9
详细信息,4
费事,1
亢金龙,30
认真,22
镜头,11
熊熊,9
大关,3
形态,3
游魂,4
传火,8
洛斯,2
隆德,2
游历,6
亚诺尔,2
多兰,2
古雷格,2
灰烬,6
重播,2
电视,14
顽皮,3
杰作,8
水平,97
不足,57
边境,19
纽约,2
牛仔,36
劫匪,4
繁华都市,2
北欧,25
中欧,40
新华社,4
幸福,7
方便,8
寻思,6
群体,13
交流,4
大墙,1
标准,15
山寨,2
尝试,36
夕阳,4
时代,42
希腊,10
魔幻,4
恩仇,2
风采,2
游戏机,5
太牛,32
太猛,2
射箭,9
连续,28
机子,4
疯狂,50
机器,6
调教,6
上花大,1
网上,34
内存,20
价钱,4
特色,29
诚意,23
出游,4
物质,3
文化遗产,3
天空,8
新星,2
视觉,20
耀眼,3
水浒传,13
金瓶梅,5
三国演义,11
成功,62
封神榜,15
所想,2
洛圣,13
联邦,4
飞机,8
朱迪,4
蛋糕,3
情绪,13
宣传,27
菩萨,8
后者,2
官方,32
前者,1
理由,15
自卑,2
风气,1
互动性,4
技美,1
策划,10
审美,9
能力,18
全球,19
技术,23
资源,18
蹩脚,4
主美,1
平铺,1
列阵,1
武术,5
运镜,15
短暂,6
猎车,2
侠盗,4
竞争者,10
有力,10
风口浪尖,3
踏平,127
坎坷,133
艰险,70
第一版,5
笔记本,45
测试,64
压力,12
内外,5
霸权,3
行业,29
清楚,14
差距,27
军服,8
冲刺,17
荒野,38
篝火,34
荣光,15
浴血,13
海岸,8
模型,20
特地,5
素材,9
刻画,5
支线,28
主线,25
常见,6
沾边,3
经验,32
旷野,4
传统,49
拉爆,1
飞天,9
伤害,41
地板,1
归宗,1
万剑,1
时刻,11
魅力,18
琐碎,1
边框,4
全屏,6
姿态,4
鸦片,5
电子,19
平台,11
制作者,6
岔路,18
栈桥,1
正确,29
洞口,3
边界,10
脑子里,11
铜头,6
铁脑,3
动作性,2
风格,62
超棒,9
游览,2
不同,36
妖怪,56
仙石,6
石头,33
和虎,3
脑海,5
单薄,3
尴尬,8
所有人,10
方可,1
复活,26
李连杰,1
成龙,1
双标,5
功夫,12
对话,25
干架,2
立马,5
互联网,2
姜萍,1
竞赛,1
人力,1
热度,11
流水,6
小溪,1
我用,4
逆天,12
改键,7
太狠,1
小学生,4
天成,1
快感,10
固态,14
系统盘,3
太美,12
区域,17
时期,41
孩童,5
谗佞,3
中文,29
地道,7
好爽,23
收益,7
血量,17
疲劳,2
风险,3
心理,9
复刻,2
美妙,13
蛤蟆,3
很棒,124
盲目,5
灵虚,29
代表,21
青牛,2
狠毒,3
招数,4
美女,5
画皮,5
神奇,8
陷阱,5
爽爆,6
解析,5
战胜,18
管饱,40
感极,6
超神,4
投技,16
碾压,3
蓝量,2
黄风怪,15
司马,20
分支,4
雪顶,1
腾云,3
范围,26
线路,1
建筑,27
餐厅,2
特效,50
古文,3
用餐,1
阵势,3
心头,10
利用,7
平凡,3
黑魂,45
病村,4
美猴王,29
玉帝,9
水濂洞,5
龙王,3
老鼠,13
黑色,5
粒子,6
直觉,7
茅台,13
恶心,136
比魂,10
监牢,6
影神,8
记忆里,2
普渡,2
天下,11
众生,30
顺带,1
白玩,1
天才,9
人人,15
传家宝,4
鬼畜,7
马背,3
重情,3
重义,3
光明,9
侍奉,7
艾雷岛,2
威士忌,2
黄金甲,10
锁子,10
步云履,10
金冠,14
藕丝,10
脚蹬,2
凤翅紫,8
头戴,8
和尚,20
上线,39
动画片,8
曙光,19
铁扇公主,7
魂系,33
分辨率,25
鉴赏家,3
谈谈,5
心情,13
化境,2
绝对量,2
鼠标,51
控制器,2
拳师,2
小动,2
开路,2
诸仙,2
入海,5
众神,6
电源,4
检查,3
身处,2
史间,2
大师,13
人生,28
狂野,3
信仰,5
中顶,16
门口,16
巨亮,1
很暗,1
精英,24
光线,9
寺庙,4
键盘,19
坦途,2
极大,14
消失,14
敲钟,3
关联性,1
魂魄,1
人家,22
好感,4
浪费时间,8
运气,5
满地,3
大量,30
回头路,1
杂兵,5
新的篇章,2
诟病,5
全开,2
文化产业,2
大旗,4
仁王,24
二周目,11
单方面,4
实力,23
路边,12
棒子,20
树枝,5
丰碑,8
细致,10
号角,1
复杂,9
单挑,6
原地,7
窗户,1
硬装,1
拉满,40
精湛,4
华夏,9
硬核,10
狂喜,7
感情,6
仙侠,1
挺好,8
网剧,1
肥肠,6
视角,89
标志性,5
竹林,4
大片,7
路口,2
荒郊,1
高潮,26
女朋友,22
金箍,10
玩游戏,44
流水线,1
西游记,149
道德,3
标签,20
工业,14
造神,4
堆料,6
高地,1
欧美,9
耗子,1
瘟疫,1
弩手,1
小鬼,3
开端,10
短板,9
综合,7
及格线,7
绕圈子,2
引导性,8
兜兜,2
事实,4
效应,1
丁达尔,1
地形,19
实锤,2
路上,31
孙悟,4
放学,8
主意,2
回家,32
马拉松,4
点位,1
卡位,2
游乐场,1
极差,18
左键,4
连段,12
索敌,6
幽默,17
过长,5
英高,11
不好惹,1
现象,25
充足,6
晚霞,13
餐馆,2
米其林,2
三星,13
有幸,11
小毛病,10
妥妥,11
力量,11
贡献,17
佳话,2
太小,8
售票员,1
左转,1
游乐园,1
网下,1
够味,2
汗水,3
创作者,4
青史留名,14
按钮,3
卡在虎,5
我心,11
章节,28
绚丽,3
糟糕,24
新意,6
傲慢,4
热爱,5
教头,11
刀郎,5
窗口化,2
火眼金睛,17
冲冲,14
道路,18
充满,29
标志,4
地点,2
现实,23
建议,128
旅探,1
单人,1
计划,2
戴森球,1
经营,1
山河,5
感兴趣,8
可贵,2
欺诈,6
头上,6
办法,36
巨灵,2
激动,56
烈马,5
大马士革,5
眼里,6
万般,5
日本,17
中世纪,7
过场,61
无语,6
开了个,11
好头,8
紧凑,8
人民,15
苦难,5
宗教,9
专研,3
仔细,11
关怀,3
人文,5
那条,6
座次,2
生死簿,2
蟠桃,4
峰峦,2
名字,7
行路,14
过程,38
别理,4
吃力,7
通报,3
几代人,2
玩点,4
嫖客,3
元素,25
数量,19
线性,33
杂交,2
趣味性,5
瑕疵,66
视觉效果,6
大体,4
结论,17
快乐,26
价格,18
闹钟,2
处女座,4
不爽,17
指数,2
性感,6
马哥,2
颗星,2
专门,17
奇迹,20
电子游戏,13
西湖,2
蓄力,31
这方面,10
黑风山,79
菩提,6
祖师,4
森球,4
兄弟会,4
精心,11
索引,1
凌霄,26
这份,12
持棒,2
螺旋,4
紫魂,2
碎片,5
葫芦,8
背包,2
老婆,6
挺大,4
重度,3
残党,47
过魂类,3
竞争,6
玩玩,15
胸精,3
秃噜,3
水桶,1
及格,14
主打,10
不信任感,1
很弱,4
一作,3
睁眼瞎,2
记忆力,2
性志,5
念念,5
黄风,74
区间,4
机上,2
体系,14
黄眉,6
小儿,4
开源,2
吴承恩,12
上马,2
苇名,11
鸟居,3
心境,3
方向,11
神社,5
磨练,7
灵宠,3
杜绝,2
文章,2
专心,2
社交,4
思路,5
百科,2
巧妙,6
宣传片,9
家里,31
稚嫩,6
闪屏,4
美好,4
大表哥,21
神秘,8
海域,3
讲道理,3
地牢,3
对面,6
英灵,1
巫师,16
大伙,9
转角,4
绿豆汤,1
小刀,1
有学,4
特殊,8
坚硬,2
公鸡,2
研究,15
神金,1
巧思,4
抄魂,2
耳机,7
小骊龙,6
理性,10
差点,47
消息,5
强烈,14
测试软件,5
播片,16
双通道,1
老外,18
乐趣,13
切片,2
明暗,6
荒漠,2
太暗,2
沙门,1
亮度,5
太亮,1
功能,12
村堆,1
困惑,2
高血压,2
人猿,5
人尿,3
有福,4
加特林,4
震动,17
加点,21
桌爱,1
国王,6
侏儒,1
体会,14
内涵,11
不合理,14
人类,9
攻击力,2
山坡,2
预售,5
有关,3
体量,41
直播间,4
收款,3
最高,32
轻松,13
艺术性,4
老孙,12
本色,5
孙行者,13
不疼,1
评给,2
性子,1
卧龙,15
记忆,20
传送点,9
头发,3
潘金莲,2
亲切,9
氛围,16
场面,31
资产,4
智障,6
多元化,10
沙子,5
鞋底,4
远方,4
高山,4
痛苦,13
机会,13
灵根,5
心性,5
源流,5
旷世,3
要素,14
怪异,2
中式,36
风扇,4
西瓜,6
电视剧,12
巨无霸,2
大厂,13
队列,3
罐头,5
产业,8
闪光点,2
圆梦,12
芜湖,10
全程,44
载体,6
几十人,2
百人,4
途经,3
文本框,3
卡点,2
生物,10
施展,4
丛林,3
意气,2
整整,10
五洲,2
云水怒,2
四海,10
斗争,6
意志,4
玛丽,2
隔壁,9
白骨精,8
全款,24
意料,8
全力支持,2
专科,7
争先,4
次数,4
卡崩,1
双喜临门,2
啊啊啊,27
东海,5
山中,7
龙宫,4
长生,4
猴儿,8
神兵,2
小圣,8
理想主义者,4
心态,19
风熊,3
黑风,12
双目,5
烈火,5
万重山,9
洪钟,5
影视,25
正好,7
桥段,2
六小龄童,2
心想,2
外国,17
深厚,10
底蕴,6
高点,4
遗憾,13
电脑配置,6
阴霾,2
适当,6
区区,8
浮躁,7
工作日,4
高峰,3
社会,5
狗屎,39
外媒,16
老大,3
空间,23
亦然,2
三体,2
遭遇,10
疲惫,11
苦苦,3
汉化,2
立志,4
玄自明,2
修玄,2
海波,2
果汁,3
气泡,3
手中,5
港区,2
国区,3
俄区,2
违法,2
车把,2
单位,3
数据包,2
温暖,2
天花板,14
串子,16
专业,8
乐子,3
阴影,10
全拉满,4
试一下,2
版本,37
同学,7
形式,9
原著,33
文件,9
包容性,4
观游科,7
良善,7
恶臭,3
满屏,5
秒杀,6
地下,3
琵琶,2
味儿,6
手里,4
黑子,9
棉花,6
中肯,12
刚玩,9
性质,3
关尾,2
蛮爽,4
装备,48
入门,6
洗点,10
很劲,2
逼辣,2
结局,32
物品,21
前猴哥,2
张卡玩,1
重新安装,2
旧版本,1
调试,4
衷心希望,4
永劫,2
无间,4
高端,2
直播,14
三国,14
产生,4
正面,5
精髓,9
妖王,31
头目,15
礼物,18
中坑,2
教师,2
年轻,7
学生,5
真大,2
极佳,10
出发点,2
卡黄凤,3
歇会儿,5
广大,8
新心,2
青春,5
一代人,2
原神,68
质量上乘,3
精细,15
半生,4
微笑,4
小高,4
神坛,2
纯属,5
阶段,30
星球大战,8
幸存者,5
国宝级,3
艺术创作,2
成果,2
道心,4
市长,2
爽点,3
学会,6
关机,6
统统,2
平淡,2
专科生,4
本科生,4
农村,4
预测,4
口型,3
实机,14
详细,14
后腰,1
刮痧,11
正统,1
来算魂,1
了仁王,2
生气,11
满怀,4
娃娃,42
白衣,40
卧槽,9
行天下,2
网瘾,2
节省,2
工作,10
仙人,10
声援,3
频率,11
维度,2
机核,2
报告,6
键鼠,26
微弱,1
设计者,2
众人,4
九霄,6
定乾坤,8
孙爷爷,5
爽爽爽,18
爽爽,10
首爆,2
祥云,2
真爽,10
牛牛,4
双翼,2
妖精,11
顺利,2
最难,2
白衣秀士,20
全家,32
流泪,2
鸡巴,3
绕路,7
边玩,11
都点,1
齐天圣,8
单车,2
别急,4
弟弟,2
真神,4
外乡人,2
碧草,1
肩键,2
圆圈,1
弩箭,1
书库,1
猴孙,3
游记,8
字里行间,2
传播,8
厚重感,4
大门,12
载入史册,10
法国,6
美洲,4
恶徒,2
屠尽诸,2
玩魂,18
古达,2
混合,3
国单,22
仙峰,2
转折点,4
积蓄,2
人和事,2
总会,9
世界观,7
入学考试,2
末尾,2
战略地位,3
挺爽,7
奖励,13
空虚,1
商品,4
原生,10
图标,8
干嘛,12
过瘾,14
漂亮,9
大胆,9
能点,3
点点,4
结尾,20
棍法,28
山猪,13
鬼佬,3
政治,20
细糠,10
爽哉,2
小猴子,6
困难,16
綜合,2
火鸟,1
章回,7
哪些地方,1
阴间,13
学魂,5
破势,1
赛博,20
朋克,8
稳稳,4
静态,3
小河,3
根木,2
神魔,11
眼睛,22
万众,4
惊喜,34
一场场,2
杂种,2
风铃,2
收费,2
字幕,16
侧键,31
字号,4
嗝屁,2
太菜,9
特种兵,2
礼貌,2
卖家,2
敏感,3
一搏,2
分数,4
表现力,15
模组,23
顺便,15
午饭,4
音画,35
完整性,10
伙伴,1
基本上,16
前台,1
关帧,2
北美,28
亡命徒,7
人们,26
英特尔,12
办公,2
豆浆,2
劈劈,2
佛头,1
不动,4
网友,2
黄色,7
脖子,3
单线,4
最伤,1
过魂系,3
愉快,9
备份,3
温馨,2
根目录,2
豪丸,24
爱丸,6
鞋子,4
玩具,5
土壤,4
龍王,3
靈氣,3
马赛克,12
神似,1
老炮,1
起码,14
全局,6
抗锯齿,4
普通,38
全中,2
标杆,13
进球,3
中国男足,3
世界杯,3
销量,15
个别,6
故乡,6
训妖,4
原形,3
主题,5
混乱,5
牛魔,7
篇章,1
车车,1
壁画,5
生疏,1
宝箱,8
空旷,12
重棍,10
代价,5
土地庙,16
表面,4
挺好玩,12
大力,4
口味,5
炫酷,4
重生,9
补偿,1
战败,2
门槛,13
午休,4
条命,3
小子,5
作弊,3
条件,6
本质,6
好巧,1
云里雾里,3
不巧,1
小众,4
大众化,1
表弟,2
农友,2
不幸,4
荣耀,10
王者,8
做客,2
抗打,2
先进,2
悲哀,4
意难,3
科幻电影,2
讲故事,9
面孔,2
小动画,4
历史性,15
狂暴,4
小曲,10
浪人,1
信条,9
问候,9
耻辱感,1
浪费,19
防具,2
恼人,3
防御力,2
吝啬,1
冒险,10
小马,7
赞美,5
浑身,3
出圈,1
那大,2
光头,5
千言,2
官宣,2
微博,3
杨奇,29
摇杆,5
法宝,9
网游,9
代理,2
本体,11
方案,3
处女作,5
全国,4
红眼,9
香炉,2
生硬,12
种类,19
成熟,20
一键,3
屋里,2
头顶,5
太阳,3
转场,2
倒数,2
沟槽,12
先行者,4
圈钱,4
意思,36
奇葩,2
黄油,1
人能,3
初体验,9
表情丰富,1
格挡,10
爽玩,2
大哥,8
地狱火,4
引经据典,4
大军,3
钻心,2
小将,3
战狼,1
负反馈,2
蝙蝠,5
骑士,11
镖客,17
铁驭,2
残血,6
功高,2
但凡,15
合理,15
喜猴,2
起源,4
探路,3
高品质,4
腱鞘炎,2
右手,3
太烂,12
越往后,7
唐突,1
奥赛,1
陡峭,1
棍式,14
梯队,15
山巅,2
奥林匹斯,5
地圖,3
游戲,7
收棍,2
学校,6
上学,11
黑屏,17
布置,2
很烂,6
老母,1
公告,1
绑带,1
红色,2
伤眼,1
层面,4
怪猎,8
主观,6
方方面面,3
开山,16
齐天,8
长板,6
天际,10
成分,2
磨难,8
登天,2
大脑,8
先敬,2
卡成,7
盖房子,1
自体,1
桌面,1
引擎,24
品質,1
好事,3
图形,4
峰值,2
监狱,8
吊桥,1
黑云,4
邪祟,4
烈烈,2
国内外,3
风珠,8
四星,2
五星,12
星扣,2
显圣,7
铜头铁臂,6
真君,16
最强,10
宇宙,4
耶路撒冷,2
流派,10
身法,4
奇术,2
轻重,3
满嘴,2
大义,2
做派,2
世俗,2
胸怀,2
这帮,2
名誉,4
树棍,2
神通广大,10
七十二变,11
舞枪,2
国能,2
能传送,1
脑袋,3
钥匙,1
电梯,1
新鲜感,2
校友,4
华科,4
耐心,13
原帖,1
日语,1
凡夫,1
三座大山,1
货色,1
音频文件,1
移民,1
文盲,2
语言,17
人品,2
寓意,4
材料,5
主创,12
酸得慌,1
手指,3
风极,2
味道,11
戏言,3
绘画,6
雕塑,2
戏曲,3
诗词,2
筋斗,5
瞎猫,1
罗技,1
霍格,1
拳打,10
神经,4
灵魂,9
单调,11
很足,7
国风,22
开学,2
大学,16
经济,4
阶段性,3
欣喜,7
短片,4
汉语,2
牛牛牛,4
原价,8
马骝,4
去石,1
连贯,3
等候,2
航海,2
绘卷,4
太吾,2
高手,15
章末,2
新颖,4
雷霆,2
菩萨心肠,7
孙上香,2
赛道,3
业内人士,2
毛病,22
钱花,2
抽卡,2
观众,2
诚挚,2
碎念,2
母牛,4
婆夜,4
阿弥利,4
南无阿弥,4
伽哆,2
婆毗,2
广志,10
爸爸,9
客厅,2
人性,3
争气,2
管理员,5
野史,2
卢来佛,2
爽战,2
归属感,5
吴京,3
主播,7
白月光,3
手体,3
敌我,2
补药,2
旅途,2
男神,4
全世界,11
应景,3
预购版,3
主体,3
元吉,2
科之路,2
心目,40
老虎,7
登场,2
太美咯,2
珍珠,2
极弱,1
落地,22
平稳,14
历时,6
项目组,4
障碍物,5
兴趣,9
宏伟,2
信徒,3
教育,1
受害者,2
狂热,3
公众,1
法律,1
虚假,3
外界,1
监管,1
恐惧,1
观点,4
屠龙,2
悍匪,7
江户,7
美腿,3
石母,4
无效,5
毛发,7
效率,1
会长,1
脸模,6
环只,4
权重,1
能治,2
缺乏经验,1
民族主义,2
风暴,2
上桌,3
思潮,1
勇气,6
肾虚,4
主干道,1
比设,2
劈棍,2
剑星,1
装腔作势,1
贫瘠,1
奶子,1
邪魔,17
苦练,17
玄关,17
振刀,3
房顶,4
拙劣,3
动画电影,2
毫毛,7
粘点,1
老一辈,2
热忱,2
核武器,2
激情,4
那份,2
切实,3
冒险类,2
教培,3
姐姐,4
节奏,31
宗打,2
动作类,21
齐贝林,2
生活,11
尘缘,7
这件,10
衣裳,4
金海,7
堂上,2
旧奴,2
江郎,2
老爷,4
神州,2
交手,2
先河,2
道德经,1
自由,20
轮廓,4
行路难,3
沧海,5
云帆济,3
歧路,3
圆满,6
桀骜,8
角落,10
菜鸟,9
修士,3
黄粱一梦,2
磨锋,2
牛笔,2
进程,2
奇妙,2
题材,34
珍品,2
小猫,4
壁灯,2
降妖除魔,4
艺术风格,2
标榜,2
消逝,4
光芒,8
山西,7
古建筑,7
精品,10
影神图,4
杀刷差,2
咽喉,2
书写,6
狮鹫,2
银剑,2
袖剑,2
头颅,2
泰森都,2
体制,2
金甲,13
戴金冠,11
现代人,2
精神,13
娱乐,7
古老,4
原因,38
金蝉,10
问卜,10
求仙,10
钟馗,7
姜子牙,3
艰辛,3
恬静,2
情节,7
蜜汁,3
干爆,4
小夜,2
中华文化,19
差劲,12
频闪,1
全网,8
天赋,6
区分度,2
迷弟,2
蓝本,3
奇幻,9
清新,4
冲击力,4
家国,2
精致,35
战斗机,13
枯燥,5
医生,5
熟练,6
黑候,2
轻魂,2
普通人,3
良心,15
价值,11
坐飞机,2
艰难,6
创作,4
指令,16
走位,3
框框,4
体人,2
老怪,1
毒死,2
杨骥,2
混混,2
人参精,2
校门,3
薪王,4
神明,4
凡人,3
之躯,2
信任,2
市面上,6
实地,2
独特,26
取景,2
资深,7
浅谈,2
东京,2
怪盗,2
古希腊,6
苏联,4
乌托邦,2
环好,2
终会,2
毅力,2
小村子,2
深山,2
巨婴,5
言语,11
太棒,4
身边,6
平等,4
勇敢,4
速通,2
心急,2
金身,4
事物,2
金池长老,14
头衔,4
老哥,3
碎石,3
秘宝,2
冷暖,2
人间,8
电脑游戏,2
犹太人,2
加沙,2
药品,2
习惯性,1
弱智,12
细腻,10
惊异,2
沙城,2
原汁原味,6
地编,4
波澜,2
水体,3
小组,2
手技,3
灵活,7
批棍,2
初心,5
山海,2
冥顽,4
黑马,10
红温,11
洛生,2
哈兰,2
蒙大拿,2
品类,3
普通班,12
贴切,2
形容词,2
重攻,2
行动,3
花招,1
尸体,1
太多,2
一棍子,4
棍花,5
毛太长,1
连带,1
较大,5
小张,2
太子,2
网络平台,2
显然,3
过剧,1
名著,2
玩类,2
墙差,3
监护室,3
重症,3
医院,4
呼吸机,3
巨大,20
前提,4
霸体,18
战能,2
噩梦,1
银蛇,1
嗜血,3
贪婪,1
怪站,1
检测,8
不大,10
泰国,2
钢叉,2
山谷,2
偶遇,2
列位,3
妈帅,2
筋斗云,21
极高,9
万象,7
文明,4
乾坤,14
弦一郎,2
熔炉,2
方向感,1
十全十美,4
规模,4
三分之一,2
罕见,11
袁神,2
罗马城,2
骑马,11
维京,2
天国,2
西米亚,2
头盖骨,2
过度,11
连招,10
不适,4
用脑,2
情感,5
玉盘,4
清酒,4
黄河,4
冰塞川,4
珍羞,4
金樽,4
村子,2
重装,9
前哨,2
支楞,2
洛天依,2
玄翎,2
云山,2
玄奇,2
新人,11
重重,2
正果,7
高湾,2
命运,5
雷点,1
一大,9
患者,2
脑瘫,4
冲击,8
网吧,5
魔力,2
绝壁,2
称号,2
山林,12
修仙,2
佛门,3
武术指导,2
爆肝,2
通达,2
舒畅,2
念头,2
蛐蛐,2
莲眼,3
母亲,2
都婆,2
混剪,2
纯真,2
风味,4
驾筏,2
大功,2
寻仙道,2
有缘,2
离山,2
喽们,2
脚步,2
渡船,2
水深,2
暴雷,2
糕手,2
身体,6
日记,2
肉眼,3
亲切感,5
全拉,4
很差,1
长度,1
真烂,3
影视剧,2
化身,17
章间,2
杭州,2
名额,2
幸运,8
巨作,8
公信力,4
专治,4
猿人,2
佛渡,2
对付,4
核心内容,2
太慢,6
人员,6
太劲,2
新手村,12
互莽,2
跳跳虎,2
出口,2
急需,3
苛刻,5
家当,2
造型,5
游科会,2
爱神,2
钻风,1
闪光弹,1
炼化,3
管血,3
路线,23
全是,12
缥缈,4
烟霞,6
寒暑,4
大粪,5
刀剑,2
观音,5
禅院,5
身旁,1
民族主义者,1
秘密,1
策略性,4
战国,2
时机,7
讲究,3
莽夫,2
九难,2
妖物,8
头像,4
工作人员,2
迟钝,2
整张,3
遗迹,3
目的,12
雕像,1
隐蔽,2
头绪,1
麋鹿,2
废物,8
斗气,2
凌虚子,5
麻烦,7
恢弘,4
牛比,4
烦躁,5
真牛,6
领域,4
高精尖,2
制程,2
华为,3
巨黑,2
迷人,2
万古,5
黄凤,5
干眼症,2
偏头痛,2
敦煌,5
设备,15
感官,2
很高,13
状态,10
耳朵,3
起点,9
李宁,2
英高都,2
高分,3
真是太,7
范本,2
粗人,2
辞藻,5
大大的,7
呼唤,4
市民,2
黑客,2
探险,2
劳拉,4
狗哥,2
苍蓝,2
舒适,11
感染力,2
恢宏,3
瓦伦丁,3
致远,3
兵戈,3
铁马,3
雪漫城,3
神掌波,3
水帘,7
花果,4
定海,7
海外,4
至极,5
卡总,2
简中,2
母体,2
传时,2
迷浊,2
盔甲,4
戏码,2
疾病,2
猛猛,5
前驱,2
花醉,2
一剑,2
霜寒,2
满堂,2
卡关,18
踏实,2
有大,5
记录,9
百花,3
更爽,2
概念,7
最出色,4
下线,4
那可真,1
大怪,1
连怪,1
能空,1
滚子,1
博士后,3
列表,4
黄风虎,2
袈裟,5
裤档,2
尿急,2
火烧,2
大喜,10
卷轴,3
合适,7
校验,1
实验,3
格式化,1
建国,2
没本,2
白皮,8
读书,2
续作,4
无大,2
跨度,2
畅快,6
高塔,2
巨像,2
焰火,2
柏拉图,2
随风,2
诚心,2
英豪,2
灵台,4
小神通,2
养性修,2
女拳,5
大树,9
精魄,7
帮帮我,2
先生,3
青苔,4
长满,4
顽石,4
难易度,6
午觉,2
潭里,2
投钱,3
同台,7
硬件,6
云雾,8
牛马,4
葛冰,2
美味,5
鲜美,2
主食,2
菜肴,2
童话,2
滚蛋,3
死妈,4
长老,3
心流,3
金沙,2
间隔,4
宽松,3
成问题,3
抽水马桶,2
粪坑,7
中玩,2
很久,2
能量,3
地域,1
跑步,5
眼缘,1
墙能,4
惩罚,11
高额,2
玉成,2
笨拙,2
均衡,1
固定点,1
体术,1
名号,3
鸡肋,4
点数,5
考据,8
原型,4
上花,2
隐晦,2
预先,2
措施,2
怀胎,2
硕果,2
光辉,4
血源,2
全都,26
助力,6
亮暗,1
金蚕,2
棍棒,10
家庭,15
义父,4
跳跃键,2
老板,4
城里,2
商量,2
韵味,6
锤子,8
水浒,2
牛皮,5
单论,5
资本,4
消费,7
商业化,4
残卡,2
运算量,2
跟我来,2
太强大,4
总类,3
神子,2
戒律,4
飞猪,2
成人,2
动漫,9
小西天,10
本子,2
革命,2
差异,5
用处,1
装饰,1
权利,3
半成品,11
弹棉花,1
家晓风,2
七彩,2
训练,3
海豹,2
缘因,2
洞天,2
水帘洞,12
福地,2
妖魂,2
音频,5
八戒,4
呆子,2
唐僧,5
肚子,3
总算,8
大圣腾,2
墨水,2
成堆,2
霹雳,7
赖有睛,2
迷雾,4
中东,4
头皮发麻,2
太装,2
三皇五帝,2
民智,2
灵韵生,2
国度,6
灵胞,2
扎实,7
独懂,2
外甥,4
战场,6
射击,7
雇佣兵,6
武侠,7
战争,5
加勒比海,5
登陆战,5
残酷,5
财富,2
动心,2
雷公,2
毛脸,2
好歹,14
指南针,3
手下留情,2
球球,3
走向世界,11
山洞,4
庞大,3
表情,8
達靈山,2
隨大聖,2
經路,2
美学,17
忐忑,5
空白,4
环节,8
稳外,2
战是,2
辉煌,4
周目,2
双雄,2
大厦,2
规格,7
可争议,2
旗帜,3
盘丝洞,6
出点,2
惊讶,6
光是,9
经常出现,3
初章,4
女友,2
辅助,4
轮椅,6
喜悦,5
不惯,2
最烦,2
着色,6
编译器,5
小丑,4
夫人,4
国语,4
救世主,2
明路,2
之门,2
鬼魂,2
意识,7
加速器,5
小白,12
磨一剑,12
直指,2
剑锋,2
太弱,7
蛮大,2
限时,1
幸好,1
编译程序,1
现存,1
正合适,2
预章,2
基底,2
蚂喽,2
疲软,2
市场,16
稻田,2
外婆家,2
墙角,3
远处,3
草堆,2
竹棍,4
门前,2
指南,2
无情,2
全价,3
和路,1
受众,10
该游戏,6
争斗,6
炼丹,6
玩猴,4
认同感,2
威胁性,2
私信,2
手把手,2
训练场,3
制箱庭,2
清华,4
大麦,2
鬼域,4
王宇,4
小评,2
世顶,2
男凝,2
屁用,2
曾几何时,4
太爱,2
能带,2
巴掌,6
太太,6
牛贺洲,2
方寸,4
血条,5
蜥蜴,1
小道,1
分家,1
底层,3
公平,2
盛世,2
妖朝,2
异父,2
异母,2
亲兄弟,2
刀刀,3
银钢,2
华语,2
双剑,2
佳品,2
泌阳,1
妈妈,5
偏差,3
美玉,2
这回,4
声乐,2
难懂,2
晦涩,2
狗命,2
猴瘾,2
鄙陋,2
评判,4
清单,2
角色扮演,3
当场,1
一毛钱,1
动静,1
开花,4
政权,2
巴黎公社,2
苍穹,4
指向,2
影像,2
世界舞台,5
戒网,2
绝景,2
众妖,4
戈壁滩,2
太行山,2
云霄,4
唇珠,2
哲学思想,2
险峻,2
荆棘,2
断层,2
立棍,8
生活习惯,3
男性,5
保健,2
饮食,2
调理,2
全体,10
祖宗,2
废话少说,2
蓝屏,5
战甲,2
风云,6
聚星,2
万山,2
妖齐,2
映霜,2
铁棒,10
寒光,2
路在何方,7
卡得,2
墙外,4
自序,2
实体,7
养人,2
纵情,2
意大利,2
物理,5
突击,2
佛法,2
学点,2
超人,6
安利,2
不熟,2
汉化包,2
尤卡,2
固执,2
加小,3
大拇指,4
太卡,4
豪湾,2
兴趣不大,2
哥三,2
浪漫主义,2
章回体,2
动笔,2
中等水平,2
裤子,3
吴迪,4
小倩,2
冯总,2
猪八戒,7
瓷器,4
心思,5
行云流水,2
老魂,2
卫兵,2
难顶,2
过密,2
大众,6
精细化,2
空空,3
两袖,2
考究,10
蓝色,4
太燃,2
挑战性,10
玄幻,2
中文字幕,2
探索性,5
真帅,4
恶鬼,2
乘风,2
后人,2
造诣,5
热烈祝贺,2
质感,11
虎头,3
二连,2
变身,3
精力,5
格斗类,2
后辈,2
光子,2
前辈,2
广谋,3
铁甲,2
傲世,4
忠奸,2
布局,6
桃子,4
花里胡哨,9
立体,2
出面,5
县长,2
横幅,2
中国式,4
钩子,2
胃口,6
之城,18
芦苇荡,2
丹尼斯,2
浓厚,8
气息,6
额滴,2
榜空,2
封神,8
狗头,4
晴天,2
连动,1
时停,2
波折,5
橙子,4
含义,1
肉芽,1
土地公,6
主观因素,1
世间,5
树叶子,1
智齿,4
丝血,2
血脉,2
悸动,2
最劲,2
壮观,5
无憾,4
不满,7
远大于,2
意境,11
背景音乐,5
故事性,6
航天员,2
必玩,2
外包,3
环都,2
调节,5
高质量,4
宝座,4
神佛,4
山岭,2
古树,2
內味,2
私货,2
木桩,2
夹带,1
偶像剧,1
鲜肉,1
所表,2
考验,2
灵动,4
宏达,2
弘扬,10
远古,2
因素,9
过硬,7
风趣,2
泪水,2
国门,2
深思,2
原子弹,2
高难,2
莎士比亚,2
精后,3
比法,6
女性,6
恍惚,2
从业者,2
漏洞,3
古典,2
文字,6
功底,4
永争,2
保底,2
猿声,4
摄像机,5
旋风,3
蓝点,2
烈焰,2
火魔,2
升龙,2
很猛,2
好评率,4
井喷,2
不小,6
心血,3
企鹅,5
天神,5
古建,3
自性,2
本原,2
阴阳,6
定海神针,8
黄粱梦,2
南柯,2
小路,6
版用,2
奇效,2
豆腐,2
两肩,2
霜花,2
雷电,3
中国武术,2
项目,7
热泪,2
谈论,3
扫雪,2
中学,2
碑刻,2
营造,2
佛像,8
下功夫,4
雨淋,2
江南,2
杠杠,10
损失,3
多练,4
唐风,2
西经,8
特派,8
使者,8
观音菩萨,8
玉皇大帝,8
体感,3
秀才,2
顽空,11
极具,8
材质,7
基准,2
五连,2
苦手,6
心脏,4
间连接,2
紧密,2
跳动,2
民歌,4
纯血,2
韧性,8
连弩,2
诸葛,1
靠谱,1
预料,5
废墟,2
天宫,4
诸神,8
伟业,2
藏头,2
祝贺,2
神猴,5
黑夜,4
神中神,2
歹徒,2
士兵,4
青城山,2
老儿,2
景物,4
无权,2
光靠,3
和拉,2
全村,5
卡表,2
蓝光,2
图画,2
臣服,2
庸主,2
命定,3
铁塔,2
驾浪,2
驭潮,2
坚韧,2
细针,2
连玩,5
一股劲儿,2
争口气,4
处女,2
金品梅,4
菜笔,1
画作,2
上品,4
激动人心,2
燥热,2
循环,5
稳辣,2
真境,2
仙山,2
速速,6
引领者,2
狩猎,2
恶魔,2
古龙,2
反动,2
人士,6
中将,2
极力,2
维吉尔,2
尼禄,2
但丁,2
菜单,8
关系,6
售价,3
毛巾,2
慈祥,2
脖上系,2
笑容,2
唱本,2
说书人,2
嘴里,2
最爱,10
高洁,2
善良,2
纳塔,15
瑞幸,2
自行车,4
地撼,2
列众,2
瑶池,4
生灵,2
天雨,2
金光,2
东胜,3
孩提时代,2
精病,2
肌肉,3
老祖,8
深处,2
人心,2
换高,2
居士,4
手绘,5
游戏吧,3
价位,4
锣声,2
缝里,2
鼓点,2
能缝,2
白狼,2
猛然间,2
很强,3
骂街,2
唯美,2
简明,2
分部,2
神人,15
穩定,2
畫質,2
注意事项,2
马上开,2
车手,2
小厂,4
劳资,4
大草,2
比重,1
植物,4
植被,3
星战,2
雷雨,2
冲荡,2
换皮,13
亮相,2
来日方长,2
染指,2
个位,2
熊力,2
丧尸,2
摩西,2
高用,2
操作性,3
耐玩,7
手会,2
精干,2
女儿,4
给面子,3
批发商,2
移动硬盘,2
科用,2
真他妈,6
离分,2
双鸟,2
嚣张,6
险胜,2
真菌,2
猫娘,2
小萝莉,2
心怀,3
巴德尔,4
这场,3
恶搞,2
修一修,5
人玩,4
行步,2
步行,2
步步,2
弹指,2
寰宇,4
安敢,2
廓清,2
同胞,4
青蛙,3
电击,2
最长,2
聊天,2
金呐,2
莫恋,2
末班车,2
浮空,2
爱屋及乌,2
生态,2
很烦,3
单曲,2
繁多,2
孱弱,2
地狱,5
华夏文化,2
优秀作品,6
水墨,4
九重天,2
鬼门关,2
木棍,3
宝殿,4
火焰山,4
朱雀,2
手提,2
开拓者,2
比较严重,3
暴爽,2
古刹,2
山川,4
底裤,2
素质,6
青背龙,4
老龙,2
寒江雪,2
空军,4
人世间,2
猴仔,2
不带,3
制裁,2
高超,3
地区,4
打包票,2
地地道道,2
魔仙,2
真假,2
巨猿,2
江海,2
虎豹,2
落寞,2
狩魔,2
主人,2
斧头,3
拳头,4
噪点,3
眼眶,2
湿润,2
章法,2
完当,2
鬼怪,5
认真学习,2
义务,2
职校,2
学费,2
回国,2
格调,2
抽根,2
妖声,2
嗓子,2
高材生,2
古风,4
史会,3
玄黄,2
马心何,4
千山,2
官封弼,4
都值,2
纤毫,2
猴脸,2
阴谋论,10
壁纸,4
商店,4
事儿,3
清华北大,2
换式,2
卡牌,2
逻辑,8
骨头,2
鸡蛋,2
神名,2
裁判,2
赤诚,2
王冠,2
明珠,4
鸟兽,2
山山水水,2
彩笔,2
人文景观,2
粉丝,13
标准版,5
色彩,10
胖子,2
人是,2
业界,4
棍术,2
黑风洞,4
小脚,2
好色,2
苍天,6
星空,8
时尚,4
品鉴,5
白白浪费,2
一难,2
太渣,2
爽辣,3
景深,5
磨剑,2
贷款,6
锁定目标,3
脸上,2
满天飞,1
丝滑,15
千江,2
真性,2
清涵,2
禅心,2
双重,4
梦境,2
很稳,2
天意,2
塑料,3
今天上午,2
便宜,2
帽子,3
大波妹,2
金毛,2
爱当,2
草木,2
壮丽,8
加帧,2
配机,4
专坑,2
铁肩,2
鲁登道,2
北洋,2
帅气,9
模样,4
身材,2
魁梧,2
研究生,2
一棒,2
涩味,2
地平线,6
谷子,2
嘴上,2
空调,2
灵韵,2
自限,2
奇侠传,2
仙剑,3
黄金树,2
充当,2
子广谋,2
当上,6
全部都是,2
不妥,2
梵语,2
泥塑,2
民乐,2
强者,2
小齿轮,4
开始菜单,4
磁盘,4
秀士,2
白血,2
教堂,3
狗儿,2
有适,2
实则,6
面向世界,2
关上,2
老百姓,3
袁隆平,3
改革开放,3
粮食,3
何德何能,2
草稿,2
古迹,2
一番滋味,3
被念,2
紧箍咒,4
解决问题,5
绝美,6
滑步,3
地物,1
困境,1
充实,3
高大,1
黄花,2
不争,1
泡影,1
特征,5
百戏,5
衬钱,2
豪华,7
傩面,2
护手,2
水中,1
建筑物,2
地标,3
素材库,1
谢谢你们,5
石碑,2
真值,2
铁御,2
都市,2
异域,4
地铁,2
中求,2
军队,2
衣服,11
老贼,4
狼玩,2
害人,2
出众,6
教会,2
服输,2
美丽,5
前沿,2
敬爱,2
口牙,4
脚丫子,2
馒头,2
黑神,7
强大,9
攻击方式,4
标题,2
时会,2
恶性,5
对阵,8
雄奇,6
故地,6
封印,2
先祖,2
辐光,2
终局,2
樱龙,2
巨轮,2
季后赛,2
雄鹿,2
热火,2
摸鱼,6
膝盖,3
长枪,7
滩头,5
匍匐前进,5
英语,2
清平,2
重点,5
快节奏,3
硬伤,3
独显,2
小提示,2
屁股,6
香蕉,2
太爽,5
温蕤,2
懈怠,2
电视机,2
连绵,2
趣味,2
爽死,2
轮流,2
小马拉,2
大车,2
膏手,2
豪玩,2
全关,3
太豪丸,2
卡顿,4
作文,3
细品,3
全部内容,1
精灵,2
暗影,2
米坦恩,2
全文,2
力度,3
主席,2
死机,6
伪佛,2
五指山,4
胖头,3
挥棒,4
火眼,2
齑粉,2
博大精深,4
细心,5
面具,2
潜藏,2
余烬,2
盗团,2
后差,2
非战斗,2
时粒,2
千州,2
浮萍,2
归海,2
战役,3
硫磺岛,2
荒岛,2
官网,5
软件,9
洛圣都,4
地址,2
合约,2
重下,4
文件夹,3
雄关,2
漫漫,4
调休,2
海报,2
盟军,2
指挥官,2
程序,2
眼眸,2
六版,2
人间烟火,2
彩色,2
小日子,2
洋人,6
大革命,4
定义,4
守候,2
不好意思,4
生辰,2
纵欲,2
放情,2
磨刀,2
巡山,2
过猛,2
用力,4
神境,2
吉光片羽,2
耳闻,2
归根,2
蛆虫,3
代表性,2
广告,6
弹窗,2
华人,2
模拟器,6
分级,2
母猪,2
婊子,4
章闪,2
管理,2
有序,3
鬼用,1
壁垒,1
画屏,1
商单,2
跟史,1
开机,4
立场,1
网恋,4
泰裤,2
牢大,2
白点,2
单向,1
拉稀,1
闪光,1
刺猬,3
嘴臭,3
危急,2
这根,2
小伙伴,3
老师,12
聊斋,1
小传,1
室外,1
室内,1
桥上,3
地下室,2
腾讯,8
一分钱,2
云游,2
百面,2
地玩,2
解决方案,6
越界,1
隔墙,1
硬值,1
探监,1
机关枪,1
瞬移,7
墙里,1
直爽,4
言表,7
远山,2
风庄,2
胯下,1
法兰,2
菩萨像,1
边上,3
黄沙,5
天大,1
热情,7
曲线,4
三券,2
瞬身,2
机器人,3
竞技,5
听闻,2
丑恶,2
改编自,4
青涩,5
经费,1
布料,2
主客观,2
福音,3
屠猴塔,1
落点,2
损耗,1
重置,4
坠机,1
地底,1
平常,1
绝伦,2
古典文学,2
勾八,7
过敏,1
坚果,2
容错,3
目标,3
客户,1
定位,5
长子,2
共和国,2
武汉长江大桥,2
大頭,2
金色,2
爆錘,2
藍色,2
重心,2
玄铁,2
中断,2
狮子,4
戏名,2
内棒,2
工业化,3
陌生,2
繁体,2
胜利,8
考研,3
锯齿,5
正路,1
必值,2
票价,2
世界级,7
高度,6
偏北风,2
迟滞,5
励志,2
脚踝,1
怪肉,1
瞎眼,2
弹弓,1
一亮,1
全塞,1
生理性,2
水面,2
托金渐,2
纹理,3
中心,3
胶囊,2
活跃,2
真豪丸,2
极强,3
首领,2
轮奸,2
墓室,1
怪空,2
太刀侠,2
块钱,6
会卡,7
高中,2
古剑,5
牛子,2
心理准备,2
讲话,3
总部,6
尝个,2
咸淡,2
爆棚,3
暗淡,2
识货,2
一地,2
有限,2
压制,2
体力,9
戳戳,2
交班,2
太肉,3
弟子,2
宗大,2
时速,2
一上,2
尊重,6
关底,3
猴兹,2
无聊,19
包袱,2
成正比,1
间隙,2
高性能,2
有感,4
魔境,2
执棍,2
火箭,1
弓小怪,1
疾跑,7
房檐,2
软肋,2
扫平,4
话语权,2
旅行者,2
佛罗伦萨,2
美商,2
心灵,5
腾霄,3
多动症,4
凡宝,3
技巧,2
有仁王,2
逆旅,2
百虑,2
困圄,2
问世,5
舆论,7
大山,2
火照,2
孬种,3
辛苦,11
开发人员,3
大大增加,2
谜语,8
奇奇,2
小病,2
优缺,2
小毛,2
不平,3
很小,5
风范,3
自带,4
野狗,4
命通,2
豆瓣,4
泼猴,2
重要性,2
卡一卡,4
拖沓,2
偶像,6
先点,3
雪亮,2
群众,2
口碑,2
无功,2
功里施,2
见谛,2
峰是,2
日照,2
金山,2
灯红酒绿,2
快枪,2
震人,2
心魄,2
血性,2
山里,6
序幕,3
对战,2
睁开眼睛,2
打油诗,2
顺口溜,2
滋尿,2
小孩,2
森森,2
扫尘,2
映残曦,2
僧心,2
天机,2
妖氛,2
全员,1
野怪,1
清理,2
机构,4
愚蠢,3
不腻,2
心潮,2
大开特,2
对胃口,2
铁匠铺,1
商人,1
药水,1
前言,1
D版,2
古墓,4
感爽,2
高人,2
马路,2
顶顶顶,6
毛润之,2
票值,2
辣太,2
妖洞,2
名头,3
远超过,2
挺棒,2
辨伪,2
英魂,2
南梦宫,1
了切,1
龙珠,2
标识,2
两条路,1
档次,2
较差,3
声效,2
妖潮,3
猴一,2
点睛,2
意生,2
兵舞,2
道场,3
山石,3
纸飞机,2
索尼,4
微软,3
任天堂,2
强权,2
束缚,2
念诗,3
宗何,2
精怪,5
宵小,2
战太爽,2
顺序,4
牛哇,2
让你在,2
市面,2
开山鼻祖,2
沙雕,2
定场诗,3
稳高,2
重进,10
强盗,2
和赛博,2
彳亍,4
类人,2
溪流,2
印象,8
萧瑟,3
秋风,3
独臂,2
孙一棒,2
丹才,2
清凉,2
心心念念,2
好长时间,2
区里,2
期望值,2
孤独,2
黑影,2
教学,9
群里,4
优越,2
野心,4
前景,2
预告片,7
木头,2
拐角处,2
穿模,4
灵物,2
打金,5
腹中,2
烈酒,2
敬畏,2
汝笑,2
过客,2
仰天,2
环家,2
无姓,2
仙气,2
鸿蒙初辟,2
压迫感,4
西藏,2
科隆,2
龙门,2
西媒,2
融合,3
改命,2
非议,2
栽赃,2
墩子,2
求学路,2
太丝,3
罚站,3
气刃,1
动能,1
能流畅,4
大陆,3
黄土,2
夹菜,1
麦卡,2
飞扑,2
马粪,2
砖石,2
春游,2
诸路,3
一度,3
平和,2
墙贼,3
地型,3
粗略,2
消耗,5
后排,2
情商,3
长卡顿,3
牢牢记,3
桑田沧海,5
区分,3
迷糊,1
漫威,1
地图功能,5
通病,1
直观,2
背光,1
驱动程序,1
灾难,5
牲口,2
和仁王,5
萨诺,2
复兴,4
一个脚印,2
殖人,2
紫云山,2
身下,1
箭矢,2
问问,7
刷级,2
丰腴,2
思想,4
被动挨打,1
重间,1
遥远,4
欧陆,2
手指头,2
失效,1
哑巴,2
挖矿,1
武士刀,2
系统化,2
长棍,2
马岛,4
投身,2
事业,2
若以儒,2
好奇,4
恐怖,2
冲一,2
制作人员,2
数上,2
蔬菜,3
云海,2
两鬓,2
道化元,2
神固,2
悬雾,2
魔将,4
自重,2
屠杀,3
新大陆,3
塔尖,2
策马,2
巴黎圣母院,2
遥控器,2
巨多,2
民族特色,2
升华,2
仙洲,2
天风,2
云门,2
神柱,2
倾城,2
花样,3
阡陌,2
相间,2
狭路,2
品级,2
交叉,2
分神,3
齐天之,3
替代,2
三份,2
华大,2
海拉鲁,2
信号,2
党大,2
清华大学,2
不料,3
德兰,2
斯巴达,2
屋子,2
泡酒,4
画像,2
倍感,4
佛雕,2
斗法,4
法力无边,3
成仙,2
长得帅,2
波兰人,2
反动派,2
活像,2
剧本,6
爬山,2
智慧,2
权威,3
传奇色彩,2
伯昏,2
登峰造极,2
麦克,3
养胃,3
香那,2
遗落,2
盖世英雄,2
界神,3
方知,3
黑云压城,3
天外,3
八荒,3
名称,2
太软,1
外置,1
状况,1
飞行器,2
满足感,2
狂魔,3
言论,8
大饼,4
帖子,1
名义,1
二创,1
谨慎,7
玉兔,2
毛鼠,2
嫦娥,2
女儿国,2
龙女,2
预设,3
冗长,2
繁琐,3
国籍,3
出产,2
凸显,3
有心人,2
修正,2
见面,2
有功,2
佛位,2
路径,2
村口,3
狭窄,3
通向,1
弩兵,1
油菜花,2
内鬼,1
政审,1
三界,4
像素,1
中典,1
个位数,1
牙膏,1
的典,1
全伤,1
激光,5
体内,1
血厚,1
全调,2
野爹,2
水谨,2
天花,5
加速度,2
小龙,3
生物钟,3
坏事,2
晨曦,2
路乐,2
典范,2
通路,2
繁杂,3
真气,2
蓝牙,3
诈骗,7
策略,4
标准答案,2
集团公司,2
中科,2
业障,3
亲爹,3
吃素,2
六甲,2
六丁,2
寅虎,2
学子,2
墙跟,2
奇慢,2
无量,3
前路,1
色调,3
入口,1
水品,1
树木,2
变态,7
爱慕,2
蛇妖,2
老麦,2
潜力,3
语泪,2
先流,2
原理,2
山水,2
抗衡,2
大人,2
猿友,2
仙友,2
收场,2
双尊,2
封信,2
爱心,2
紫色,2
投机取巧,1
都行,2
洗礼,3
朝圣,3
美如画,2
叉子,2
气度,2
老二,2
赤石,1
佛陀,2
猴头菇,4
气死,6
纯磨,1
界能,1
阴人,1
经章,2
圣僧,2
动物,2
撞墙,2
暴击率,3
子弹,4
猴脑,4
大叔,2
连干,2
本年度,3
仇恨,1
亲妈,2
飞刀,1
吐石,1
弓弩手,1
重温,2
设想,2
老祖宗,2
男猴,3
中国史,2
神像,2
主播玩,2
人怪,1
汇总,1
聪明,2
行径,1
邪教,3
红卫兵,3
幌子,1
论坛,1
影子,7
庄严,3
西北地区,3
定身,2
组合键,1
武神,2
邓小平,1
名言,1
老实事,1
大跃进,1
实事求是,1
怨气,2
伤心,1
配党,3
残低,3
太多仁,1
关键性,1
爬塔,1
钻研,1
别提,2
冗余,1
极限,2
幻化,5
场地,2
有效,5
黄衣服,1
美景,2
浓烈,2
升堂,2
兜率,4
玉境,2
园里,2
金丹,2
阎罗殿,2
理智,3
爪印,2
文笔,3
才华,3
残影,2
隐秘,5
巴黎,2
阔别,2
笔记本电脑,3
资历,2
易懂,2
解压缩,3
黑人,2
爆料,1
C盘,1
D盘,2
不卡,7
移动游戏,1
迅速,1
奢侈,2
数目,2
骂声,2
叫魂,2
大都,2
骨骼,2
筋肉,2
经典作品,2
蛇径,2
不玩,2
高价,2
出售,1
学卡,1
太粪,1
防盗版,1
清道夫,1
心动,2
特性,4
猴王,2
黑边,1
遊戲,3
吳承恩,2
幸慰,2
大陸,2
辉石,3
博士生,2
教员,2
老兄,3
细说,2
胆敢,3
宽容,3
盾牌,4
地面,5
内地,2
新生,2
鱿鱼,2
蓑衣,2
书籍,3
急急,2
怨种,1
玄学,1
空格,3
红姿娇,2
雨润,2
芍药,2
婀娜,2
梨花,2
桃李,2
花俏,2
枝头,2
香茶,2
迎君,2
里塞,1
地窖,1
卧虎寺,1
雪原,1
峭壁,1
速射,1
雷音寺,2
成史,1
吊差,1
墙壁,3
放空气,3
原文,2
贵在,2
调制,2
圈子,3
青蒜,2
航母,2
核动力,2
论调,1
显示器,5
白占,1
玩原,1
坨史,2
佛性,4
佛迷,4
烦人,5
好消息,7
短按,2
目光,2
剑圣,3
仙乡,3
疙瘩汤,2
视野,7
红线,1
弓兵,2
死命,1
搏斗,1
手下,2
见证者,3
武技,2
但爽,2
致命性,2
持续时间,1
能毒,1
名山大川,1
申猴,1
水沟,1
老家,2
高能,1
水手,1
网站,5
能火,2
颜色,3
风沙,1
蓝条,1
百分制,2
顶用,1
师从,1
天克,1
满广志,1
画卷,3
厂家,3
太帅,4
山水画,2
草窝,2
果冻,2
拖影,1
音效卡,3
硅脂,3
秉持着,1
人气,1
三光,1
撞钟,1
雪山,1
局限性,1
参照物,1
戈壁,1
沙盒,1
玩仁,2
好人,1
脑缠,1
大猩猩,1
导向,2
暗线,1
女妖精,2
晶晶,1
不骗你,2
完要,2
公式化,2
中餐,2
痛点,2
探索者,2
条卡,1
卡蓝,1
评区,3
插播,3
公益广告,3
难重,2
太长,3
古诗词,2
玩腻,1
家喻,3
登顶,5
很傻,6
大会,2
挠头,2
机动性,3
药瓶,3
外野,1
面向,1
下键,1
被动,1
特指,1
连点,1
望勉,1
感差,4
严谨,1
战利品,1
培训,1
雇个,1
开放性,5
机枪手,1
别学,1
阴暗,2
痕迹,3
小仁王,1
妈法,2
平行,2
时空,2
青青,2
舍利子,3
全人类,2
帕金森,2
加古亭,1
很糊,5
学学,5
悲观,2
保持中立,2
任重道远,2
心声,2
动动手,2
科能,3
小地,2
黑山,2
困難,2
覺極,2
簡單,2
神级,3
精准,3
卡手,2
回合制,3
较高,2
八用,1
技都,1
黄风坡,1
面子,2
真史,2
方向键,1
极品,3
血狮,4
黑成,2
天安门,9
圈养,1
哥们儿,1
轻舟,2
世纪,3
评先,2
个差,2
无缝,1
常规,1
垫步,3
共用,2
画工,1
无奇,1
平平,2
著名,1
败笔,1
踏地,1
龙车,1
太牢,1
挺足,1
踏板,1
戏说,2
旧情,1
小心,2
蜘蛛精,5
小白龙,1
技战术,1
冰原,1
白龙,3
私募,4
清空,2
章鱼,1
首诗,3
书里,2
亲身,2
海量,4
礼包,3
下半身,1
看运气,1
巨灵神,1
流量,4
很低,1
风丹,2
屁滚尿流,2
老孙嘴,2
怪太,2
射速,2
入库,3
老手,2
同感,1
焦点,2
之约度,2
预估,2
属国,2
马楼仔,3
狐狸,3
塑像,2
学长,2
祝福,3
公用,1
副本,2
神魂,1
扣帽子,2
网暴,1
团建,1
手机,4
连进,1
太精彩,2
新衣,1
搞了个,1
功能键,1
和宏才,1
花点,2
和云,2
人会,3
数会,3
音质,1
面积,1
保密,1
协议,1
对本作,4
是我太,4
空洞,2
吐气,1
嘴脸,1
民族魂,1
预言家,1
字面,2
死光光,2
普遍,2
战技,1
粪作,1
魂量,1
血牛,1
便秘,2
灯塔,2
锚点,2
钉入,2
奇差,2
事件,6
无格,1
重金,1
往里面,2
大盾,1
地三,1
罗金仙,1
神掌,1
佛光,1
范围广,1
主神,1
虚子,1
谢幕,1
机动,3
段时间,1
坑洞,1
游民,5
妖气,1
个闻,1
上帝,1
蓝原,2
千鸟,2
毛会,1
原以为,2
摩擦,3
江山,2
道阻,2
行则,2
领头,2
妖兰,2
成绩,3
樱道,2
阴沟,2
漫长,1
极体,1
昂贵,1
收招,2
残疾人,3
鬼神,1
组类,1
制导,1
路灯,3
翠竹,2
繁叶,2
身染,2
苦闷,2
凡尘,2
降妖,3
赏景,2
山间,2
能藏,2
两关,2
精虎,1
功率,3
差差,1
鸡毛,1
战士,3
学原,1
买量,1
产物,3
定价,3
太贵,2
终生,1
奶奶,3
低头,3
冲锋,5
幅度,2
低下头,1
例子,2
退寸,1
滑坡,1
傻子,1
转圈,2
有权,1
地位,1
主张,1
文娱,2
市场秩序,1
消费者,2
马勒,1
两条腿,1
清晰,3
渠道,1
加密,4
无力,4
机关,2
美轮美奂,3
内置,7
不标,1
主说,1
奶油,1
小动作,2
角角落落,1
配件,1
吸引力,2
重复性,1
话术,1
法能,1
切棍,1
无表情,1
魔霸,3
腹肌,1
根子,1
铁道,1
绝区,1
星琼,1
战术,1
影响力,1
强推,2
视界,1
粗暴,2
图片,3
大黑,1
用品,1
套组,1
优势,4
顿卡,1
星光,1
重灾区,1
干巴,1
难易,3
挺多,1
实用性,1
观赏性,2
灾难性,2
铁片,1
适应能力,1
不值,6
人格,1
红孩儿,3
家暴,1
品性,1
战力,1
音乐性,1
芭乐,1
玄师,1
串场,1
间奏,1
灯笼,2
灯台,1
身经百战,3
有险,3
电视屏,2
指北针,1
标记,4
难事,1
青麻,1
心脏病,1
人亲,1
绕圈,2
三回,1
地表,1
电圈,1
安装包,1
个门,1
预计,2
热心,1
拐角,2
地里,1
蘑菇,2
中毒,2
救护车,1
电话,1
机枪,1
保镖,1
挂号处,1
炫技,1
很远,1
破圈,2
全图,1
性别,3
认知障碍,3
云云,2
奥德赛,1
翁斯坦,2
感太,2
给你个,3
小作坊,2
全村人,5
蠢驴,3
波兰,3
个巴子,4
巨大成功,3
辛勤,3
花钱,7
抑郁,4
绕圈圈,1
大坝,1
上班族,1
城市,3
道理,2
文牒,1
关心,2
常态,2
树上,2
作记号,1
文化界,2
国礼,2
倒地,3
劈技,1
点子,4
平帐,1
地府,4
类目,1
脸蓄,1
简洁,1
走路,13
沈阳,2
血妈,2
秃头,2
肥胖,2
卡完卡石,2
大赞,2
太空,5
王爽,2
这条,2
太膈,1
远高于,3
房屋,1
法器,1
灯光,2
零分,1
树林,1
鲜明,1
系数,1
卡关太,1
个格,1
外形,2
好好看,2
破壁,1
马斯内,1
大开大合,1
能棍,1
反爽,1
预兆,1
体积,3
一爽,1
憋屈,1
玩狗,1
加贝,1
扳机,1
前段时间,3
温度,2
竞争力,3
外国佬,5
污染,2
内观,2
名姓,2
胞含,2
三阳交泰,2
外合,2
化猴,2
平庸,4
总评,3
持平,1
真草,1
股东,1
发给,1
政策,1
话题,1
女权主义,1
流媒体,1
新闻,4
邮件,1
发行商,1
连刷级,1
同质化,2
骨灰盒,1
屁大,1
韧狗,1
滑动,1
果园,1
广阔,1
整理,2
石锤,2
工艺,2
摇头丸,1
摄像师,1
沙文,1
长镜头,1
脑仁,1
客服,3
陆地,1
补篮,1
太紧,1
恐惧症,1
邪乎,1
快餐,1
插件,2
脑萎缩,1
蚊子,1
语音卡,1
太累,2
愉悦,2
乏味,2
保险,1
敌会,1
链条,1
大法师,1
七色,1
绕口令,1
整段,1
白话文,1
有亮,1
花哨,1
硬堆,1
朋友圈,1
粮油,1
落后,1
谷歌,2
身心,2
回廊,1
最让人,1
很重,1
影片,2
上都,1
远距离,1
延后,1
僵尸,3
突刺,1
全马,1
上史,1
建家,1
下层,2
情爱,1
空隙,1
结晶,2
游化,1
撸多,2
充门面,1
黑眼圈,1
急性子,2
帕鲁都,1
投机,2
禁令,2
版号,2
神剧,1
犄角,2
旮旯,2
谢特,2
红熊卡,1
马桶盖,1
家伙,1
魔眼,1
粪怪,1
血潭,2
先云,1
指路,1
后台,1
面壁,1
配位,2
主动攻击,1
全景,1
近景,1
环入,1
根本就是,1
卡新,2
换回来,1
过章,3
大仙,1
灵敏度,1
猕猴,2
六耳,2
关和,1
剪切板,1
家庭版,1
虚拟内存,2
台式机,1
专业版,1
大口,1
组队,2
博主,2
眼瞎,2
冷静,1
大路,1
比超特,1
照会,1
慢动作,1
守门,3
经文,3
残缺,2
冠军,2
镶金,1
压根,3
院校,2
计算机专业,2
来源,1
香点,1
身世,1
线索,2
悬念,1
可能性,1
神药,1
薄纱,1
小黑子,2
服务性,1
陨落,5
步骤,1
暗部,1
垃的,1
辣鸡,2
上卡顿,1
天键鼠,1
硬套,1
先蓄,1
能用,2
对策,1
狸侍,1
死板,1
魔教,1
老年人,1
赤潮,1
切人,1
毒品,3
姚明,1
全明星,1
双线,1
国际版,1
限制级,1
法西斯主义,1
普普通通,1
强碱,1
绿色,1
低轻,1
滚轮,2
格沃兹,1
典型,1
封闭式,1
阴天,1
街霸,1
冲击波,1
荣誉,2
根基,1
联机,1
猪哥,1
脑壳,2
边边角角,1
抱团,1
原子,1
鼠辈,1
全黑,1
调用,1
时猴哥,1
故差,5
畅玩贵,1
区块,1
老猪,1
鹰眼,1
小白鼠,1
子宫,2
强韧,1
招棍,1
梭子,1
发霉,1
女怪,1
土豆,1
上柱香,1
变龙,1
界扣,1
话语,2
疯狗,3
人型,1
麻麻,1
三通,1
马艳,1
飞智,2
龙尾,1
前脚,2
根器,1
传授,2
吹雪,2
华硕,3
处理器,2
主板,2
高辣,1
四层楼,1
布恩,1
弹能,1
挺好用,2
杠精,1
失灵,3
罐子,1
屋檐,1
打人,4
残疾,2
图纸,1
问界,1
全用,4
气愤,1
机体,1
远景,1
眼镜,1
房屋内,1
跳帧,1
好糊,1
遗物,4
宝物,1
连小,1
原作,1
流网,1
周星驰,1
楼主,1
朝夕,2
突显,1
屠山,1
落石,1
烟雾,2
带回去,1
山头,1
疯虎,1
狗屁,1
大段,1
护体,1
虎杖,1
忙碌,1
苦海,1
玩页,1
土区,2
亮点,2
节约,1
活尸,1
双刀,1
炮灰,1
挚爱,1
攻击能力,1
脸下,2
影逝,2
二度,2
涂抹,1
铁骨,1
牢房,1
身咒,1
密集,2
成群,1
棋手,1
母片,1
劈山,1
剧透,1
极长,1
代爆,1
照片,2
反华,2
公知,1
毛主席,3
公安,1
调适,1
糟心,1
肮脏,1
繁荣,1
神洲,1
迪厅,1
明亮,3
远观,1
舞台,1
肩头,1
王后,1
罪犯,1
滋水,1
骨灰,2
抗议,1
死心,1
顺畅,2
杀人,1
写作文,1
天龙,1
红利,3
空棍,1
古国,2
严苛,1
抠门,1
隐喻,1
满拉,1
分镜,2
被闹,1
墙会,2
的哥,2
真诚,1
金刚,1
很尬,1
纯靠,3
烧鸡,2
构筑,2
师父,3
神针,2
闷声,2
天光,2
苦哈哈,2
当牛马,2
治国,1
麦子,1
山路,1
理政,1
神王,1
遗失,1
河水,1
墨镜,1
顶层,1
迷宫,3
低点,1
感人,1
骨子里,2
空余,1
库存,1
朝向,1
闲暇,2
条母,2
魅惑,1
滴滴,1
电流,1
卵用,1
操作技能,1
总榜,2
不济,1
火车,1
竹子,1
水坑,1
大霉,1
成品,4
泰豪,2
完辣,2
圈才,1
教派,1
佛大,2
深感,2
东北虎,1
变异,1
人参,2
三胞胎,1
火大,1
一箩筐,1
挡格,2
彩蛋,2
原味,1
原滋,1
购买力,1
熟能生巧,1
贴墙,1
天时地利人和,2
同性,2
双性,2
泛性,2
变性,2
筋脉,1
爆体,1
全身,1
弱点,1
学习曲线,1
鬼子,2
黑洞,1
百兆,2
小游戏,2
细盐,2
军中,2
钓鱼,1
含量,1
用亲,1
舞台剧,1
开放式,2
云端,2
星辰,2
皓月,2
图卷,2
龙吟虎啸,2
神龙,2
天宇,2
皮肤,3
特林,1
无耻,1
不太值,1
玩元,1
優化,1
纯碎,1
花钱买,4
恰烂,1
灵感,2
寂寞,1
地后,1
摄像头,1
赛博牢,1
配好,1
下锅,1
私人,2
杨奇英,3
门上,3
砌墙,2
厕所,2
男人,3
脆皮,2
拮据,1
命长,1
刚亮,1
别忘记,2
分数段,1
个大,1
套件,1
所赐,1
墙卡,1
衣托,1
光波,1
物体,1
定魂珠,1
解析度,2
清晰度,1
产生器,1
资金,1
骗人,2
天灵盖,1
过差,1
手法,3
马都,1
不低,1
分外,1
脸部,2
赛博鬼,1
面瘫,1
余额,1
幻觉,1
迅猛,1
拓宽,1
降价,2
短时间,2
陪伴,1
宴席,1
考核,1
魔音,1
剑法,1
空闲,1
不同点,1
共同点,1
虎寺,1
潜心,1
柠檬,2
不久,3
见切,1
太刀,1
乱点,1
视距,1
树根,1
合扣,1
冲烂,1
段落,1
资料,1
塞进,1
细化,1
满山,1
大箱子,1
物件,1
乐色,2
精日,1
殖子,1
睁眼,1
个定,1
稀碎,3
天上飞,1
勇士,2
奥丁,2
公主,2
黑狗,1
行键,1
小拇指,1
慎重,1
喷人,1
理论,1
齐亮,1
镜面反射,1
部门,2
姐妹,2
振动,1
杨威,1
铁卵,1
射手,1
英文,4
湖像,1
射线,1
声明,1
原话,1
平安,3
外星人,2
型号,1
腿短,1
高频率,2
男主,1
顾忌,1
上海,1
金翅虫,1
拘泥于,2
坏消息,3
墙内,3
几率,1
加班加点,1
开映射,1
招架,1
马戏团,1
斜坡,1
色色,2
猫猫,2
张嘴,3
专辑,1
日志,1
霉霉,1
歌手,1
圣经,1
印字,1
欢庆,1
树杈,1
石母招,1
连吃,1
编辑器,1
毕业论文,1
博士论文,1
墙国,1
气晕,1
条差,1
抛物线,1
孤岛,1
危机,1
攻击者,1
前腰,1
赞比亚,1
黄圈,2
红圈,2
榴弹炮,1
重蹈,1
归类,1
优先,5
浮动,1
红光,2
卡飞,1
子卡飞,1
杆子,1
画音,2
件套,1
景区,1
凯侠,1
启示录,1
吕布,1
关张,1
用惯,1
别扭,2
请稍等,1
卡完,1
补帧,1
寒心,1
有所,4
太糙,1
图案,1
道士,1
法力,2
雷抗,1
血压,1
不差,1
坛子,2
由亮,1
错乱,1
主部,1
包间,2
雷同,1
哥哥,1
探全图,1
诗歌,1
热修,1
硬性,1
出场,1
玩意儿,7
动弹,1
任性,1
招卡,1
外国籍,1
动机,1
天安门广场,1
伟大领袖,1
西城区,1
西华,1
大街,1
北京市,1
规律,1
后摇太,1
女孩子,1
父母,1
星刃,1
蛇皮,1
智息,1
树点,1
龙鸣,1
批发网,1
一玩,1
大份,1
阳光,1
违和,1
臭长,1
兜圈子,1
三格,1
刻板,1
投资,3
不红温,1
累赘,1
罗致,1
微机,1
键长,1
反观,1
地震,1
不太能,1
半空,1
水波,1
联系,3
大鏢,1
鼠標,1
無腦,1
指導性,1
艾爾登,1
東西,1
側鍵,1
路障,1
智能,1
不规则,1
错路,1
雕刻,1
环和魂,1
后头,1
断网,1
运算,1
瘠薄,1
小蜜蜂,1
太长太,1
妖狼,1
耗时间,2
血印,2
战死,1
重影,1
树叶,1
黑线,1
实际操作,2
三者,1
油腻,1
枪神,1
考虑一下,2
对标,1
民众,1
人口,1
很蠢,1
巨人,1
尤母,1
目标群体,1
卡会,1
面貌,1
把式,1
过头,1
传统武术,1
台阶,1
往后面,1
下楼梯,1
最小,1
广告公司,1
双脚,1
阴死,1
玛德,1
玩阴,1
阳间,1
小糖,1
标志物,1
准确,1
网络,5
鹦鹉学舌,1
外皮,1
蠢人,1
贾玲,1
吴艳妮,1
橡皮泥,1
自爆,2
宇航员,1
数锁,1
最多,1
工作量,2
领略,1
一方面,3
语录,1
难题,1
前任,1
无趣,1
轿车,1
考古,1
肉体,1
水滴,1
空地,1
雷人,1
资助,1
放狗,1
一体,2
卡肉,1
斗破,1
尸块,1
真棒,1
潮流,1
经验丰富,1
公式,1
特立独行,1
海边,1
金星,1
旗号,1
刮风,1
笨重,4
制作方,2
科游,1
古惑仔,1
太重,1
纪录片,1
花式,1
途中,2
跑路,1
攻击性,1
测试阶段,1
龟速,1
上坡,1
肌无力,1
勾石,1
里纯,1
比龙信,1
金玉其外,1
瓶药,1
强控,1
贵物,1
唐氏,1
墙上,2
一脚,1
路标,1
套皮,1
美工设计,1
对准,1
飞身,1
拳法,1
长距离,1
父子,1
巨远,1
不远处,1
笑死人,1
真魂,1
普及,1
音道,1
拟人,1
配音演员,1
鸡儿,1
光点,1
大卡,1
战会,1
精子,1
沙猪,1
个弟,1
废料,1
招聘广告,1
玩别,2
犯病,1
全面,1
价值观,1
嘴硬,1
男拳,1
直言,1
顾问,1
文学,2
槽点,1
高低,2
图谋,1
试探,1
底线,1
功劳,1
古人,1
结构,1
神围,1
身前,1
大奖,1
复制粘贴,1
黑社会,1
黄鼠狼,1
比环,1
红眼病,2
街能,1
好烂,1
贱种,1
全点,1
冰刃,1
贫乏,1
坏话,1
辩经脑,1
精急,1
残粉,1
太上老君,1
青头,1
初圣,1
黄条,1
熊虎,1
卡黄风,1
排队,1
打水漂,1
物料,1
终极,1
高清,2
均分,1
同情,1
生理,1
数太,2
巨量,1
进展,1
玩头,1
连满,1
怪招,1
背书,1
气氛,1
编剧,1
规划,1
数数,1
身段,1
中光,3
三思,1
顺位,1
金蝉子,1
自机,2
先平,1
飞雷,1
轻棍,1
崽子,1
先评,1
错觉,2
菜哈,1
太尬,1
开发周期,3
感性,1
太糊,1
品红色,1
火刀,1
饺子,1
兴奋剂,1
卡普空,1
气力,2
长跑,1
性格,1
中高,1
玩棍,1
弹幕,1
觉得很有,1
红绿灯,1
上山,3
冯骥英,1
汽车,1
同事,1
爆典,1
纯烂,1
大大降低,1
朝鲜,1
青衣,1
半价,1
救命,1
走时,1
死路,1
泥鳅,1
谜一样,1
糟粕,1
当奴才,1
滑板,1
目的性,1
聪颖,1
玄功,1
法号,1
进影院,1
鬼镇,1
调料,1
火候,1
便利,1
那贵,1
人民币,1
汉奸,3
主理,2
塞满,1
拉胯真,1
心痛,1
分配,2
所需,1
小圈子,1
命堆,1
散兵,1
邪恶,1
工坊,1
暴躁,2
光算,1
突脸,1
威猛,1
全场,1
套路,3
吞键,1
黑风卡,1
智力,1
整饭,1
阴谋,1
情分,1
虎皮,1
盾战,1
暴力,1
黄金时间,1
十字,1
美国佬,1
韭菜,1
节点,1
景观设计,1
疏密,1
后果,1
理念,2
真信,1
重头,1
攻击速度,1
调动,1
民俗文化,1
关一关,1
集大成,1
素养,1
评的,2
投差,2
摆场,1
猴控把,1
勾史,1
楞是,1
高贵,1
上西天,1
途径,1
消费国,1
虫子,1
诗体,1
骷髅,1
应付,1
雪盲,1
三板斧,3
造势,1
大点,2
周旋,2
肉肉,1
肉跳,1
父二子,1
粪便,1
花瓶,1
屎盆子,1
金边,1
水枪,1
个圈,1
文物,1
政教处,1
热播,1
桌上,1
真人秀,1
顾问团,1
忠实,3
日系,1
大牌,1
情结,1
网易,1
难玩,1
官差,1
龙飞,1
之桥,1
手速,1
余地,1
活活,1
节奏感,1
纸片,1
木板,1
木牌,1
丽影,1
执念,3
畜生,1
公公,1
黑化,1
信仰者,1
七星,1
佛教,3
街机,1
煽动者,1
民族情绪,1
关键时刻,1
交代,1
失望透顶,1
连肝,1
忠告,1
那奎木,1
神技,1
孙子,1
销子,1
汤圆,1
很唐,1
掌机,1
器具,1
期待值,1
头子,1
文体,2
地龙,1
昏暗,1
韩国,1
肩膀,1
未免太,1
假草,1
假花,1
太神,2
望明月,2
白金,1
主义,2
脉络,1
通俗,1
部派,1
网文,2
顶天,1
風小,1
老妖,1
老頭,1
云冈石窟,1
石窟,1
性无能,1
运动,1
过人,1
骗钱,3
钱得,1
阴险,1
水木,1
狡诈,1
小人,1
坚实,3
硕总说,2
比斗,2
镀金,1
奖项,2
好运,2
糊糊,2
剑灵,2
连狼,1
师兄,2
人缘,1
孝子贤孙,1
公狗,1
队长,2
蓝绿,1
李洪志,6
之春,1
和平演变,1
法轮功,1
反革命,2
土伯特,1
唐古特,1
纪元,1
王丹,2
北京,2
激流,2
示威游行,1
法轮大法,1
大法,2
动态网,6
时报,1
哥儿,2
黄龙,1
指向性,1
旗子,1
常识,1
慎重考虑,1
轨迹,1
那帮,1
鸿运,1
当头,1
免费刷,1
孤儿,1
黄土高原,1
大冒险,1
和光,1
先马,1
残渣,1
都用,1
天安,5
法輪,5
大紀,1
走私,1
魏京生,1
趙紫陽,1
和平,1
中國,3
淨化,1
味是,1
智商,1
耗时,1
纸钱,1
杨戬刚,2
有本作,2
男女,2
不女,2
道教,1
输入法,1
补票,1
长长,3
含泪,1
记性,1
挡箭牌,1
太笨,1
神話,1
勾勾,1
最值,2
成吉吉,2
巧克,2
巴卜,2
尾巴,1
身子,1
短剧,1
图册,1
传记,1
充裕,2
急事,2
宗门,2
桌子,2
反应力,2
收镜,2
作业,2
捷径,2
食用,2
棒棒,4
壮志凌云,2
白费,2
意想,2
博说,1
发微,1
发条,2
徒儿,2
师傅,2
民族英雄,2
大气,2
电脑主机,1
石像,2
脑损伤,2
赖子,2
秀美,2
潮湿,2
好康,2
佛道,2
正义,2
沉默,2
猢狲,2
永存,2
道术,2
方术,2
八卦,2
仙术,2
房间内,2
同班,2
小沟,2
栅栏,2
小墙,2
低矮,2
砖块,2
绝缘体,1
魂友,1
宏观,2
冒险游戏,2
人偶,2
吉佩托,2
词条,2
玩度,2
小点,2
小里龙,1
榜样,2
青衫,2
泪滴,2
和谐,2
饿瘦,2
猴戏,2
奇高,2
人手,2
口号,2
吹响,2
画画,2
动画版,2
矛盾,1
战令,2
开府,2
仪同,2
三司,2
密好密,2
疲乏,2
旱灾,2
物种,2
山火,2
奉公,2
蟠桃会,2
私行,2
妖猴,2
狂妄,2
草鸡,2
太酷,2
金牌,2
表态,2
游泳,2
秦腔,2
感太差,2
粉太,2
队员,2
特战,2
周本,2
代肝,2
代清,2
小静吖,2
哀婉,2
建筑风格,2
新起点,2
画功,2
风景画,2
沙场,2
笑傲,2
迷幻,2
血战,2
火化,2
残灯,2
虚实,2
群雄,2
烂尾,2
一景,2
影视作品,2
高风险,1
高削,1
怪弹,1
特殊效果,1
高回报,1
人用,1
玩牛,2
东洋,2
元气大伤,2
轻易,3
剑侠情缘,2
双骄,2
秦殇,2
三国群英,2
撒花,2
目坏,2
比广智,2
门下,2
船员,2
天象,2
养魂,2
良药,2
偏魂,2
犀利,2
圆滑,2
黑师,2
黄盒鉴,2
風景,2
玄奘,2
法師,2
時代,2
玩卡,1
美容,2
福利,2
幼稚,1
指头,2
女巫,2
米诺斯,2
女生,2
环后,2
大饱眼福,2
鸡腿,2
严厉,2
挺好吃,2
堆粪,1
清逸,2
华笙,2
喜人,2
都还没,1
差价,1
沸羊,2
羊羊,2
歇一会,2
顶顶,2
穷苦,2
咸鱼,3
群魔,2
不惧,2
舍命,2
蛋黄,2
太拉,2
口音,2
作群,3
麂鹿,3
成阵,3
虎狼,3
獐钻,3
水儿,2
沼跃鱼,2
沉石,2
循命,2
变数,2
野牛,2
机箱,2
国粹,2
利器,2
感贼,2
仔细阅读,2
情于理,2
别总,2
王德法,2
马楼王,2
抵抗,2
烧高香,1
楼下,1
僵值,1
悲壮,2
迥异,2
